holdingTankMeasurementId,holdingTankId,dateMeasured,temperature,salinity,ph
093627ac-5d9d-4a93-bde6-82f8a4a8d8f5,2d4403df-5b6d-4469-a28e-d957c03ce813,2007-01-01,23,28,8.1
f12f0beb-7fda-4da4-a883-6ccbcdd3e8d0,2d4403df-5b6d-4469-a28e-d957c03ce813,2007-01-09,23,24,7.9
90e719d9-ddda-4582-85d7-ee86294e0b4c,2d4403df-5b6d-4469-a28e-d957c03ce813,2007-01-14,25.7,31,7.9
1af80f45-2ed7-42dd-afdd-6bba612a9fb6,2d4403df-5b6d-4469-a28e-d957c03ce813,2007-01-21,23.5,29,8.1
32fce54b-ec0c-4491-a5be-e3c1c0b55324,2d4403df-5b6d-4469-a28e-d957c03ce813,2007-01-28,23,34.2,7.6
01ca7847-4822-4083-a255-1e5a4697cbef,2d4403df-5b6d-4469-a28e-d957c03ce813,2007-02-03,23,25.3,7.9
e8b09a25-58b0-4cb0-bfe5-fa1f87965554,2d4403df-5b6d-4469-a28e-d957c03ce813,2007-02-07,23.3,32,8.2
a7127138-0e2a-4399-8a02-7081e6737614,2d4403df-5b6d-4469-a28e-d957c03ce813,2007-02-14,23.5,32.2,8
ad10dc71-4037-4d87-bf50-26a56db559de,2d4403df-5b6d-4469-a28e-d957c03ce813,2007-03-16,2.5,28.5,7.9
f2853538-e2ec-475c-9e68-35931e9b5fc5,2d4403df-5b6d-4469-a28e-d957c03ce813,2007-03-21,23.8,27.9,7.9
22fe4620-ae17-4c6c-b54f-19ecefa154da,2d4403df-5b6d-4469-a28e-d957c03ce813,2007-03-28,24.6,32,7.9
f7bb1f29-dd5c-4c69-ba64-0d0efa3f8802,703340b0-b629-452f-8c7d-975852a56729,2007-01-01,23.2,28.2,8.13
7a6271b2-5c8a-44fe-aba1-8744e3ec88d4,703340b0-b629-452f-8c7d-975852a56729,2007-01-09,23.2,2.2,7.9
489a4bb1-c151-4bf7-88e5-80b7550952a2,703340b0-b629-452f-8c7d-975852a56729,2007-01-14,26,30.1,7.8
25f98c2e-0688-4d95-b51a-0484d4cce687,703340b0-b629-452f-8c7d-975852a56729,2007-01-21,23.5,29.1,8.1
3aad19c6-1285-4046-b55a-458a9b6d0340,703340b0-b629-452f-8c7d-975852a56729,2007-01-28,23,34.2,7.6
8e15590a-f613-45ca-adca-44b92a6aa903,703340b0-b629-452f-8c7d-975852a56729,2007-02-03,23,25.2,7.9
a972ce73-924f-4871-bf9e-5b9f856145f3,703340b0-b629-452f-8c7d-975852a56729,2007-02-07,23,32,8.2
230e12bf-5acc-4d5b-9d00-9ceda0120a8a,703340b0-b629-452f-8c7d-975852a56729,2007-02-14,23.5,32.2,8
e953fd77-8896-43e9-a113-9036e42c6bb6,703340b0-b629-452f-8c7d-975852a56729,2007-03-16,24.5,28.5,7.9
ac648f0b-24bd-4a76-9a02-68bb3a4fb204,703340b0-b629-452f-8c7d-975852a56729,2007-03-21,23.8,27.5,7.9
7fa15d33-b5cc-42d7-a145-eb3bd4109e18,703340b0-b629-452f-8c7d-975852a56729,2007-03-28,24.6,32,7.8
1078b9f5-3625-47d0-89f9-dc15b466ba0f,c4ebf2bb-60ed-4672-80e7-37ad1bd916d7,2007-01-01,23,28.6,8.1
affb41da-6bb4-448b-8703-fd61772417d7,c4ebf2bb-60ed-4672-80e7-37ad1bd916d7,2007-01-09,23.1,28.6,8.1
505a3c9f-5f1a-4e69-8ea1-ce3e72190ad8,c4ebf2bb-60ed-4672-80e7-37ad1bd916d7,2007-01-14,2.8,27.5,7.6
9ab4ca7e-577f-4fad-8309-1692e1603461,c4ebf2bb-60ed-4672-80e7-37ad1bd916d7,2007-01-21,23.8,34.6,7.8
fd8407f9-2a21-4f71-b9b2-f2710945c9fe,c4ebf2bb-60ed-4672-80e7-37ad1bd916d7,2007-01-28,23.3,29.7,8.1
332edd57-75d3-4b92-beba-fe3523fe6c4f,c4ebf2bb-60ed-4672-80e7-37ad1bd916d7,2007-02-03,23,25.7,8
8e7b6b41-66fd-4133-8466-f23f47144c13,c4ebf2bb-60ed-4672-80e7-37ad1bd916d7,2007-02-07,23.2,33.6,7.9
cb2b9f8b-969d-46be-9066-386cecb32e04,c4ebf2bb-60ed-4672-80e7-37ad1bd916d7,2007-02-14,23,32.3,8.1
3936c499-e317-413a-9dbd-7e4982e96b35,c4ebf2bb-60ed-4672-80e7-37ad1bd916d7,2007-03-16,24.5,30.26,8
9eb087a8-586f-4104-940f-334c5158b2d7,c4ebf2bb-60ed-4672-80e7-37ad1bd916d7,2007-03-21,23.8,34,7.9
9d23ee59-1dd5-4879-a224-947ec3073709,c4ebf2bb-60ed-4672-80e7-37ad1bd916d7,2007-03-28,24.5,32,7.7
e7c231f6-e99a-4d12-aba9-200af0cbfc3a,3b05bd27-a998-443c-8c78-b992af3df6b1,2007-01-01,23,29.9,8.1
eca68a8f-71fb-4ff5-9841-d8c91041e781,3b05bd27-a998-443c-8c78-b992af3df6b1,2007-01-09,23.6,29.9,7.5
76dbdc39-d8bf-4c15-80a4-3a1373f14f29,3b05bd27-a998-443c-8c78-b992af3df6b1,2007-01-14,25,29.5,7.6
da057904-7126-4d62-8da9-90ecc46f101a,3b05bd27-a998-443c-8c78-b992af3df6b1,2007-01-21,24,29,7.65
b539e705-1aab-4cf5-a268-6f09cae44e2d,3b05bd27-a998-443c-8c78-b992af3df6b1,2007-01-28,23.5,27.4,7.8
6b1ee74f-32b4-4bc8-9404-195156674d20,3b05bd27-a998-443c-8c78-b992af3df6b1,2007-02-03,23,30.2,7.7
87bd31c8-3679-4331-a4cc-b9ec1bb0aa2a,3b05bd27-a998-443c-8c78-b992af3df6b1,2007-02-07,23.6,30.5,7.6
930855f7-bb6d-419a-951c-82190ba2a011,3b05bd27-a998-443c-8c78-b992af3df6b1,2007-02-14,23.6,30.8,8
c054ae1d-3f66-4ec4-99ea-6e5dc8cc7c11,3b05bd27-a998-443c-8c78-b992af3df6b1,2007-03-16,25.5,28.3,8
e6034379-38a5-4b4b-b058-897cc47d7f86,3b05bd27-a998-443c-8c78-b992af3df6b1,2007-03-21,24.1,30.8,8
4136a706-9492-4825-8ae0-e7d90eb7c014,3b05bd27-a998-443c-8c78-b992af3df6b1,2007-03-28,25.8,29.4,7.95
b96cc34f-f451-4556-b36c-5df2d938f9c6,2d4403df-5b6d-4469-a28e-d957c03ce813,2007-04-01,23.5,33.56,8.3
fb3340a0-3a4d-439f-8e26-7070cfb2cc34,2d4403df-5b6d-4469-a28e-d957c03ce813,2007-04-08,22.9,29.2,8.2
41e07719-af5e-4c9c-bb10-316b0734535d,2d4403df-5b6d-4469-a28e-d957c03ce813,2007-04-15,25.7,30.3,8
0633fc3d-6a96-423d-bcf6-6a7dbeb2c3c5,2d4403df-5b6d-4469-a28e-d957c03ce813,2007-04-22,23.5,30.9,7.9
3664295d-c5e5-4ee3-b402-db5f69808631,2d4403df-5b6d-4469-a28e-d957c03ce813,2007-04-28,24.5,32.1,7.9
cd597a03-5e69-4eaf-856a-b0ec53df38b7,2d4403df-5b6d-4469-a28e-d957c03ce813,2007-05-06,25.7,35,8
4dc80ba3-86fb-44fd-8a3f-28bf7f345815,2d4403df-5b6d-4469-a28e-d957c03ce813,2007-05-13,24.8,37.9,8
08629dfa-9cd9-4260-8207-1b6a53129f95,2d4403df-5b6d-4469-a28e-d957c03ce813,2007-05-19,24.4,25,8.15
053249be-a7fc-4254-a110-29a489e25f19,2d4403df-5b6d-4469-a28e-d957c03ce813,2007-05-28,25.4,29.6,8.1
845469d5-05fb-449a-9efb-c36c93e5eaf8,2d4403df-5b6d-4469-a28e-d957c03ce813,2007-06-03,24.2,31.9,7.5
6f834375-8711-40d3-844f-64cb04b7f8e1,2d4403df-5b6d-4469-a28e-d957c03ce813,2007-06-07,25.3,30.6,8.2
19af0529-563b-40ab-9f04-ff6c93be4c20,2d4403df-5b6d-4469-a28e-d957c03ce813,2007-06-15,25.7,32.4,8.3
02176da9-58fb-4d95-ae90-2c5012646c7c,2d4403df-5b6d-4469-a28e-d957c03ce813,2007-06-22,25.7,31.8,8
46e92c3c-e1e6-4896-ae5d-4b28bfe4d535,2d4403df-5b6d-4469-a28e-d957c03ce813,2007-06-28,25.5,32.4,8.3
ea4cdb41-c3f0-4f3f-b453-520ca268abe4,703340b0-b629-452f-8c7d-975852a56729,2007-04-01,23.7,31.5,8.2
bcc485ca-3944-4d2c-b7b8-3768e2d7b291,703340b0-b629-452f-8c7d-975852a56729,2007-04-08,22.9,23,7.9
fd42b2e8-953e-42de-89dc-2be352951c0d,703340b0-b629-452f-8c7d-975852a56729,2007-04-22,23.7,30.4,7.5
4f427b84-818d-4753-a6da-2c17bdd599aa,703340b0-b629-452f-8c7d-975852a56729,2007-04-28,25,30.7,7.4
43806616-28b3-4596-abac-435a50455597,703340b0-b629-452f-8c7d-975852a56729,2007-05-06,26.7,27.3,7.9
48c37e81-a4e9-4815-9da1-5616696008c0,703340b0-b629-452f-8c7d-975852a56729,2007-05-13,25.9,36.5,7.8
f050d823-f4d2-462a-af49-3e37ce28f541,703340b0-b629-452f-8c7d-975852a56729,2007-05-19,25.2,2,7.6
20a102a5-3665-46b7-86d5-44770cb30fb5,703340b0-b629-452f-8c7d-975852a56729,2007-05-28,27.2,29.3,7.9
b323aaf1-d592-468a-8b18-0eb6c76c4ea3,703340b0-b629-452f-8c7d-975852a56729,2007-06-03,25.1,28.4,7
d4ae6da9-a03d-433b-bfde-bf597d2c891b,703340b0-b629-452f-8c7d-975852a56729,2007-06-07,25.8,29.1,8.1
08cf6703-8165-41e8-b337-984e5a8044b8,703340b0-b629-452f-8c7d-975852a56729,2007-06-15,26.5,30.2,7.7
43e512c7-345b-406b-8629-dfef5902ef38,703340b0-b629-452f-8c7d-975852a56729,2007-06-22,26.1,30.9,7
ba6c0022-29ac-4f23-bf9c-426d87fa522b,703340b0-b629-452f-8c7d-975852a56729,2007-06-28,26.6,27.2,7.5
4955d1cf-04b4-46ae-a833-c1a0dfb9fc0b,c4ebf2bb-60ed-4672-80e7-37ad1bd916d7,2007-06-28,25.36,30.65,8.2
b972b11a-3477-4097-88ba-b8a44f83e9dd,c4ebf2bb-60ed-4672-80e7-37ad1bd916d7,2007-06-22,25.5,31,8
3857f13f-2fca-4fc1-8329-2f766ed8aa3b,c4ebf2bb-60ed-4672-80e7-37ad1bd916d7,2007-06-15,25.2,32.2,8.4
89f9b9e4-51e7-43ea-a2fa-e1946fb405ae,c4ebf2bb-60ed-4672-80e7-37ad1bd916d7,2007-06-04,25.4,33,8.34
e98b8a8f-8bf6-4c51-838f-41d39c27e948,c4ebf2bb-60ed-4672-80e7-37ad1bd916d7,2007-06-03,24.7,32.2,7.9
0daf8fb0-712c-4cdb-a63a-c53cb80c12fe,c4ebf2bb-60ed-4672-80e7-37ad1bd916d7,2007-05-28,26.6,31,8.1
7a150ba1-6407-4e29-a446-4835b6773371,c4ebf2bb-60ed-4672-80e7-37ad1bd916d7,2007-05-19,25,31,8.1
08cd5100-6fff-4baf-aa49-df0c256965ca,c4ebf2bb-60ed-4672-80e7-37ad1bd916d7,2007-05-13,25.4,32,8.1
043645ab-14f8-4883-ba3f-83e5b906c106,c4ebf2bb-60ed-4672-80e7-37ad1bd916d7,2007-05-06,25.4,30.5,8.2
40ac9d63-4700-4888-b758-dac69d66fc6a,c4ebf2bb-60ed-4672-80e7-37ad1bd916d7,2007-04-28,24.9,32.5,8.1
0e5767f1-681f-4ce7-9555-897d00c30a0a,c4ebf2bb-60ed-4672-80e7-37ad1bd916d7,2007-04-22,24.8,31.6,8.1
17341c6d-e09e-425e-a654-41c66bc41a67,c4ebf2bb-60ed-4672-80e7-37ad1bd916d7,2007-04-15,25.3,31.3,8.1
769fd987-fd84-4ede-a423-984fd972d22d,c4ebf2bb-60ed-4672-80e7-37ad1bd916d7,2007-04-08,24.3,27.2,8
f729ad79-61ce-42e6-b924-9f407a2a5e4c,c4ebf2bb-60ed-4672-80e7-37ad1bd916d7,2007-04-01,24.1,33.2,8.1
b27e61ab-2803-49b5-9982-7be26d83c43a,3b05bd27-a998-443c-8c78-b992af3df6b1,2007-04-01,25.1,30.2,8.1
6715f603-0f7b-4bc3-9ad3-d9c635e5fa68,3b05bd27-a998-443c-8c78-b992af3df6b1,2007-04-08,23.3,26.1,8.1
c50585e5-eee3-4c7b-a6d3-3b2664f18e8b,3b05bd27-a998-443c-8c78-b992af3df6b1,2007-04-15,26,29,8
4245cd42-5997-433c-b918-3ffa76bc113d,3b05bd27-a998-443c-8c78-b992af3df6b1,2007-04-22,24.7,30,8
ab058903-59fb-48d7-ad0c-0c9c65268ce3,3b05bd27-a998-443c-8c78-b992af3df6b1,2007-04-28,26.3,27.6,7.9
2f480bef-f9cd-44c1-8a6f-b9aef2deaddf,3b05bd27-a998-443c-8c78-b992af3df6b1,2007-05-06,26.8,26.8,7.9
10084893-1323-452f-9aa9-28123ac4f3f1,3b05bd27-a998-443c-8c78-b992af3df6b1,2007-05-13,26,31,7.9
d2810726-508d-4f99-88c3-6f722750f4ea,3b05bd27-a998-443c-8c78-b992af3df6b1,2007-05-19,23.8,29.3,7.7
dca01d80-164b-4640-b005-ff4435a3c22e,3b05bd27-a998-443c-8c78-b992af3df6b1,2007-05-28,25,29.2,7.8
4f8e8d44-97ae-4082-af03-3896ffd6826a,3b05bd27-a998-443c-8c78-b992af3df6b1,2007-06-03,25.1,27,7.2
b89faf7d-4bb6-48b2-9183-a6ae1d1d91ea,3b05bd27-a998-443c-8c78-b992af3df6b1,2007-06-07,26.5,30,7
9a92b660-c069-4e27-8177-3540da63cb30,3b05bd27-a998-443c-8c78-b992af3df6b1,2007-06-15,26.4,30.7,7.8
9890a36f-31ec-43c8-82fc-4aec18ba107d,3b05bd27-a998-443c-8c78-b992af3df6b1,2007-06-22,27.6,27.8,7.4
84af8214-6156-48aa-afac-1251d63828a5,3b05bd27-a998-443c-8c78-b992af3df6b1,2007-06-28,28.7,29.1,7.8
b664ee92-b36c-4631-b7ef-8ac8d435d2cc,2d4403df-5b6d-4469-a28e-d957c03ce813,2007-07-06,26,33,8.5
ca216367-d733-4d72-a418-cbfd55855ab4,2d4403df-5b6d-4469-a28e-d957c03ce813,2007-07-13,27,34,8
ca2357d6-5993-41f7-9dd9-5fa4e5b9e6d5,2d4403df-5b6d-4469-a28e-d957c03ce813,2007-07-20,26,30.5,7.9
56b999d1-06f4-4ed1-9651-aae0f4ca619d,2d4403df-5b6d-4469-a28e-d957c03ce813,2007-07-27,26.2,29.32,7.81
4fe1c042-c511-4dd5-a19b-1a01dc8e4bcf,2d4403df-5b6d-4469-a28e-d957c03ce813,2007-08-03,26,32.9,7.9
436dd4d6-5098-4302-a013-b9f826604731,2d4403df-5b6d-4469-a28e-d957c03ce813,2007-08-09,25.8,28.5,8.2
8688d221-b646-4c92-bc44-59642b731116,2d4403df-5b6d-4469-a28e-d957c03ce813,2007-08-14,25.4,27.2,8.2
9c392a5b-4358-4e64-822b-3743569dffc5,2d4403df-5b6d-4469-a28e-d957c03ce813,2007-08-20,26.2,29.8,7.9
dfee74f1-cb43-4f94-a101-9dcba8ce3afa,2d4403df-5b6d-4469-a28e-d957c03ce813,2007-08-28,25.6,35.6,8.2
1ab053c4-bddc-471e-8450-43808f1c837a,2d4403df-5b6d-4469-a28e-d957c03ce813,2007-09-06,25.9,32.3,8.1
c3853a2a-26e2-471e-a779-88fd5f1534e3,2d4403df-5b6d-4469-a28e-d957c03ce813,2007-09-11,25.4,30,8.3
0212896a-cfa1-4b24-8f9a-62baeb128878,2d4403df-5b6d-4469-a28e-d957c03ce813,2007-09-18,25.7,34,8.2
48aab909-782d-43a4-8d03-6bb2532f4203,2d4403df-5b6d-4469-a28e-d957c03ce813,2007-09-23,25.6,28,8.3
3af86de1-2a91-42ac-8292-dfc70f7a0549,2d4403df-5b6d-4469-a28e-d957c03ce813,2007-09-29,25.9,35.9,8
b278323a-4b66-40c3-9fea-4587e86060dc,703340b0-b629-452f-8c7d-975852a56729,2007-07-06,25.9,25.8,7
60416b12-34c0-439d-aaf4-1efe7d78cd2c,703340b0-b629-452f-8c7d-975852a56729,2007-07-13,27.4,29.9,7.9
b16ec878-d3ef-41a5-a339-d4f5b7bd30f6,703340b0-b629-452f-8c7d-975852a56729,2007-07-20,26.1,25.4,7.4
cc602d79-8439-4408-999e-b3452e67a277,703340b0-b629-452f-8c7d-975852a56729,2007-07-27,27,29.7,7.8
b8d3f685-afd7-4967-abcd-2966cdd51742,703340b0-b629-452f-8c7d-975852a56729,2007-08-03,26.2,27.8,8
d19c8d24-d401-4416-8f1b-5e8ea71a7da4,703340b0-b629-452f-8c7d-975852a56729,2007-08-09,25.4,31.9,8.1
3225afba-b429-4411-a2a5-89aaeb8a24d2,703340b0-b629-452f-8c7d-975852a56729,2007-08-14,25.5,28.5,8.1
6c646959-dbd7-427a-ba7e-72978c050324,703340b0-b629-452f-8c7d-975852a56729,2007-08-20,25.3,30.5,7.8
7fe5b6a9-1f90-498a-b054-074e00317dda,703340b0-b629-452f-8c7d-975852a56729,2007-08-28,26.6,33,8
1c57b2a1-cf1c-46db-9382-fbed9c31f2f6,703340b0-b629-452f-8c7d-975852a56729,2007-09-06,26.1,27.4,7.5
45c8410b-1d4e-411e-81a6-929e43285680,703340b0-b629-452f-8c7d-975852a56729,2007-09-11,26.4,31.6,7.8
3ccd4db7-ac73-45d5-85ca-fbd9fbd40d16,703340b0-b629-452f-8c7d-975852a56729,2007-09-18,26.5,31,7.3
573e9d74-f7e3-4713-81ed-247e1aa93da4,703340b0-b629-452f-8c7d-975852a56729,2007-09-23,26.8,23,7.9
be279b59-571b-4416-b0d5-44e1c546b6ab,703340b0-b629-452f-8c7d-975852a56729,2007-09-29,26.8,32,7.3
267e76f1-7184-4683-95d6-309cdfcd2c8d,c4ebf2bb-60ed-4672-80e7-37ad1bd916d7,2007-07-06,25,31.3,8.1
19d18fab-2e47-4122-8a8b-21c9e4f48970,c4ebf2bb-60ed-4672-80e7-37ad1bd916d7,2007-07-13,26.3,31.5,8.2
606810f3-0c90-4557-8576-bf1065a14564,c4ebf2bb-60ed-4672-80e7-37ad1bd916d7,2007-07-20,24.6,30,8.1
4983336e-e0ea-4341-bec8-9ff5b31498ec,c4ebf2bb-60ed-4672-80e7-37ad1bd916d7,2007-07-27,25.5,30.6,8
61d4d59a-87ab-4ca7-b41c-c01fe2cb6efc,c4ebf2bb-60ed-4672-80e7-37ad1bd916d7,2007-08-03,25,30,8
b96409bb-266a-4b3f-86df-67d0ea7c617c,c4ebf2bb-60ed-4672-80e7-37ad1bd916d7,2007-08-09,25,28.2,8
80714237-0f61-407b-a8ff-158110f68465,c4ebf2bb-60ed-4672-80e7-37ad1bd916d7,2007-08-14,24.9,29,8
e61cdfbb-f564-4660-9025-02d48543fb66,c4ebf2bb-60ed-4672-80e7-37ad1bd916d7,2007-08-20,25,28.5,8.4
d949a5c2-3a22-4754-bd65-3112a6cdabb4,c4ebf2bb-60ed-4672-80e7-37ad1bd916d7,2007-08-28,25.4,34.2,8.3
e2eb2596-b541-4351-a3a5-9b9b95eb552b,c4ebf2bb-60ed-4672-80e7-37ad1bd916d7,2007-09-06,25.2,32.8,8.2
753a8b37-e179-4034-963f-99f53881655f,c4ebf2bb-60ed-4672-80e7-37ad1bd916d7,2007-09-11,24.3,32.2,8.2
780e67bb-f0bf-46e3-9526-22b50f3da748,c4ebf2bb-60ed-4672-80e7-37ad1bd916d7,2007-09-18,25.5,32.2,8.1
eebe63c4-34bc-404c-9a6e-6b36510b3a7d,c4ebf2bb-60ed-4672-80e7-37ad1bd916d7,2007-09-23,24.9,27,8.24
c3428ede-f210-4b04-a9db-b0f478c86438,c4ebf2bb-60ed-4672-80e7-37ad1bd916d7,2007-09-29,24.8,31.8,8.12
ced7206c-54f5-4ffd-afe0-d366bcc7c0f1,3b05bd27-a998-443c-8c78-b992af3df6b1,2007-07-06,28.2,26.6,7.9
85a19e20-584d-4c1e-993d-fba9eaa4547d,3b05bd27-a998-443c-8c78-b992af3df6b1,2007-07-13,29.3,28.9,7.9
1ba481f5-e97c-47a2-bb87-3745430e16a3,3b05bd27-a998-443c-8c78-b992af3df6b1,2007-08-20,28.6,27.8,7.1
3cbee3c7-89cf-4757-a78b-89212b513388,3b05bd27-a998-443c-8c78-b992af3df6b1,2007-07-27,29.2,27.8,7.4
910152ee-e0b6-4a64-b646-f6368d33e6d3,3b05bd27-a998-443c-8c78-b992af3df6b1,2007-08-03,28.3,29.1,7.72
615e8f40-9ead-4f5d-9446-4c4fcb97bee1,3b05bd27-a998-443c-8c78-b992af3df6b1,2007-08-09,30,30,7.8
ccb7515d-9494-4fc1-8008-ffef189c50c5,3b05bd27-a998-443c-8c78-b992af3df6b1,2007-08-14,29.5,31.1,8
5d23f725-aaa7-4388-a1b0-c62244cf52c3,3b05bd27-a998-443c-8c78-b992af3df6b1,2007-08-20,29.6,26.9,7.8
66ffbdca-82e8-4908-9b0b-91d451c10006,3b05bd27-a998-443c-8c78-b992af3df6b1,2007-08-28,29.3,31,7.9
2718d11e-0289-4ef0-b183-ff415c37f945,3b05bd27-a998-443c-8c78-b992af3df6b1,2007-09-03,28.3,28.8,7.93
15554f9a-ace9-47ad-8582-ec83e39bcc24,3b05bd27-a998-443c-8c78-b992af3df6b1,2007-09-11,27.9,29.4,7.92
42b4d3e4-b732-483f-8938-f0b08faec35a,3b05bd27-a998-443c-8c78-b992af3df6b1,2007-09-18,27.7,29.7,7.9
8bb9d11a-f017-455a-9c87-fc1c1031640c,3b05bd27-a998-443c-8c78-b992af3df6b1,2007-09-23,28.5,28,7.9
63765b2a-0fc6-4363-8eaf-3d0c9d39945f,3b05bd27-a998-443c-8c78-b992af3df6b1,2007-09-29,27.8,29.7,7.8
41a95a1a-7897-464a-9a11-e2c1b1d79787,2d4403df-5b6d-4469-a28e-d957c03ce813,2007-10-01,25.7,27.2,7.98
c79e1d94-4aac-42ee-b594-e26cae350d00,2d4403df-5b6d-4469-a28e-d957c03ce813,2007-10-07,25.8,244.9,7.7
45da801e-106b-4082-9460-98538480d44a,2d4403df-5b6d-4469-a28e-d957c03ce813,2007-10-15,26.3,30.76,7.96
071de504-7149-4dbf-814d-c6855cb6f9ce,2d4403df-5b6d-4469-a28e-d957c03ce813,2007-10-21,26.5,23.7,7.72
11b9ca7a-b445-4c0e-a86b-81404bd6544b,2d4403df-5b6d-4469-a28e-d957c03ce813,2007-10-28,26.5,29.2,6.9
64150cb7-69dd-4903-ada0-e99082ed4d2c,2d4403df-5b6d-4469-a28e-d957c03ce813,2007-11-04,24.1,23.5,8
3af469e9-e9f1-4ac6-8e28-469d10ccf7e5,2d4403df-5b6d-4469-a28e-d957c03ce813,2007-11-12,24.5,36.5,8
56a5257c-8146-4df3-8334-6f090ed5c8a9,2d4403df-5b6d-4469-a28e-d957c03ce813,2007-11-18,24.3,31.9,7.7
1794f8bd-45ec-45d4-9ea6-a1787d155b4a,2d4403df-5b6d-4469-a28e-d957c03ce813,2007-11-25,25.8,30.4,7.64
da59f885-7e6c-4a30-b799-8f87a9becc07,2d4403df-5b6d-4469-a28e-d957c03ce813,2007-12-02,24.8,26.4,7.6
04c7722a-d7ce-4d83-bd73-47d8020649c0,2d4403df-5b6d-4469-a28e-d957c03ce813,2007-12-08,26,29.3,8.1
aa24b2fb-1d26-4df8-ad69-d3848fe0b051,2d4403df-5b6d-4469-a28e-d957c03ce813,2007-12-15,26.8,23.6,8.2
d69d9003-192d-43d0-91a5-342292d3e6ed,2d4403df-5b6d-4469-a28e-d957c03ce813,2007-12-23,24.8,22,8.12
be7ed0b0-abd8-433b-b6f8-185b376899d7,2d4403df-5b6d-4469-a28e-d957c03ce813,2007-12-31,23.8,29,6.9
8e75e2e4-50a6-4cae-909f-b15235e03342,703340b0-b629-452f-8c7d-975852a56729,2007-10-01,27.1,32.2,7.2
c5df1c57-b8fa-4aca-b9cf-4b559bbfa887,703340b0-b629-452f-8c7d-975852a56729,2007-10-07,26.4,23.3,7.6
eebf3f6f-f74d-442e-993a-e209bf7ddd75,703340b0-b629-452f-8c7d-975852a56729,2007-10-15,27.4,26.4,8.4
821c7de2-8417-4e1b-afe0-94535459571a,703340b0-b629-452f-8c7d-975852a56729,2007-10-21,27.1,36.7,7.9
76c49006-6fd8-462e-9729-7164edeef6ef,703340b0-b629-452f-8c7d-975852a56729,2007-10-28,26.8,31.6,7.9
b9b42b46-3e71-49fd-b555-07f1b4431394,703340b0-b629-452f-8c7d-975852a56729,2007-11-04,24.9,30.6,8.1
e2aff7ae-aaf5-4ac8-821f-6600a8af312d,703340b0-b629-452f-8c7d-975852a56729,2007-11-12,24.4,32,7.96
79e25fd4-7892-4e75-9f05-f82456002504,703340b0-b629-452f-8c7d-975852a56729,2007-11-18,24,29.1,7.9
f29ad573-1b64-45d6-a05a-641d346fa7f7,703340b0-b629-452f-8c7d-975852a56729,2007-11-25,25.9,26.7,7.8
1eb4e3b9-50fb-43c0-b000-e6d02a0932a0,703340b0-b629-452f-8c7d-975852a56729,2007-12-02,25.2,30.9,8.1
a6690135-4455-4be6-82bb-a90036e68f2b,703340b0-b629-452f-8c7d-975852a56729,2007-12-08,24.3,26,8.4
48107e91-397f-4eb8-993b-e9eefbb84589,703340b0-b629-452f-8c7d-975852a56729,2007-12-15,26.6,21.5,8.05
89f47c59-e2a4-44c6-8ab9-e0af93169220,703340b0-b629-452f-8c7d-975852a56729,2007-12-23,24.7,28,7.95
e7d11a71-235d-4296-bdcf-73a3815f4864,703340b0-b629-452f-8c7d-975852a56729,2007-12-31,25.3,32,7.7
52e3600d-6991-4035-893b-b567f4fa12ac,c4ebf2bb-60ed-4672-80e7-37ad1bd916d7,2007-10-01,25.5,32.3,8.3
8cb81498-4196-436c-88c2-3ec971adaf7f,c4ebf2bb-60ed-4672-80e7-37ad1bd916d7,2007-10-07,25,26,7.8
13a4f5fa-4afa-4ff7-8443-5c9531c7c023,c4ebf2bb-60ed-4672-80e7-37ad1bd916d7,2007-10-15,26,28.6,7.44
01e71d43-b476-4e19-aea2-ab0f17c41e80,c4ebf2bb-60ed-4672-80e7-37ad1bd916d7,2007-10-21,25,32.2,8
b600c730-515d-4db6-a37a-c882ea519e4f,c4ebf2bb-60ed-4672-80e7-37ad1bd916d7,2007-10-28,25.6,30.5,8.7
d0188a82-4a64-4d76-8796-aaee10461a54,c4ebf2bb-60ed-4672-80e7-37ad1bd916d7,2007-11-04,25.2,30.5,8.13
03790f28-558c-435a-8a73-54bc42736fd7,c4ebf2bb-60ed-4672-80e7-37ad1bd916d7,2007-11-12,24.84,30.95,8.2
3d5b8a62-73de-47b4-9131-f1349b414830,c4ebf2bb-60ed-4672-80e7-37ad1bd916d7,2007-11-18,24.75,29.58,8
be843a1f-e26f-4d23-86b2-c64e7645bac7,c4ebf2bb-60ed-4672-80e7-37ad1bd916d7,2007-11-25,26,26.8,7.97
6b41208a-9ba3-419d-9904-290baabcc127,c4ebf2bb-60ed-4672-80e7-37ad1bd916d7,2007-12-02,25.6,29.1,7.8
6efcd516-ac64-4a2b-922a-811810541fe7,c4ebf2bb-60ed-4672-80e7-37ad1bd916d7,2007-12-08,25.7,32.9,8.2
e926f55b-3a9a-4f07-b8c4-613ca9b9f4e2,c4ebf2bb-60ed-4672-80e7-37ad1bd916d7,2007-12-15,26.7,28,7.61
62ff3b9e-2834-4615-a438-98a9c6273646,c4ebf2bb-60ed-4672-80e7-37ad1bd916d7,2007-12-23,24.6,20,7.43
22db9d2a-4987-465e-aa28-49b6ac9e1cf5,c4ebf2bb-60ed-4672-80e7-37ad1bd916d7,2007-12-31,24.75,32,7.21
340c691b-901a-441e-8566-e1b0f450845b,3b05bd27-a998-443c-8c78-b992af3df6b1,2007-10-01,26.5,30.25,7.8
f953bdcf-49c5-4375-97b0-c14c5f1cf9ed,3b05bd27-a998-443c-8c78-b992af3df6b1,2007-10-07,28.65,26.82,7.4
cb716c49-4949-4cd3-b1f6-eae1ab62235a,3b05bd27-a998-443c-8c78-b992af3df6b1,2007-10-15,26.88,28.58,7.41
b26e4b3e-4b3f-40b9-ac2b-9aa76412fd90,3b05bd27-a998-443c-8c78-b992af3df6b1,2007-10-21,27.33,25.59,7.33
8772b1d6-514d-47c4-bd4f-cd47db77354f,3b05bd27-a998-443c-8c78-b992af3df6b1,2007-10-28,26.96,26.81,7.51
a6f5adad-6b9b-436a-9c61-cb1fcb328f5a,3b05bd27-a998-443c-8c78-b992af3df6b1,2007-11-04,24.85,29.4,7.72
340319a6-25a3-4dfe-bfc7-0517dc1335de,3b05bd27-a998-443c-8c78-b992af3df6b1,2007-11-12,24.81,28.65,7.8
2db033da-e75e-4aeb-8470-10ef512a675c,3b05bd27-a998-443c-8c78-b992af3df6b1,2007-11-18,24.2,29.15,7.7
9c1f86ee-3a0b-407d-9754-c277aceb95bf,3b05bd27-a998-443c-8c78-b992af3df6b1,2007-11-25,25.65,29.48,7.57
9af27e5f-1c47-4627-ab2b-d1eb8fa22b69,3b05bd27-a998-443c-8c78-b992af3df6b1,2007-12-02,25.58,29.05,7.79
d94a9170-c990-4085-89d2-3f1d622296f0,3b05bd27-a998-443c-8c78-b992af3df6b1,2007-12-08,24.6,28.95,7.86
ae91a506-8cff-415a-a02f-ae29d92579fc,3b05bd27-a998-443c-8c78-b992af3df6b1,2007-12-15,26.72,28,7.61
ebb3c3c5-f43d-41e7-acb2-e19b4b87cce2,3b05bd27-a998-443c-8c78-b992af3df6b1,2007-12-23,24.55,20,7.43
0c11ce41-5874-4d02-b5fd-a27fb8c9baa1,3b05bd27-a998-443c-8c78-b992af3df6b1,2007-12-31,24.8,25,7
955cc718-097b-413b-9da9-b7e4ed344339,2d4403df-5b6d-4469-a28e-d957c03ce813,2008-01-02,23.5,30,7.2
69b7af9f-c1e1-46c4-84ca-ff386a0f2525,2d4403df-5b6d-4469-a28e-d957c03ce813,2008-01-08,24.33,30,8.2
8c55c2ee-9d6b-485c-8e24-f71f56cad5bc,2d4403df-5b6d-4469-a28e-d957c03ce813,2008-01-15,23.5,30,7.2
b0fc2d9f-ea40-4b80-bd1f-e788206fa88a,2d4403df-5b6d-4469-a28e-d957c03ce813,2008-01-21,24.7,32,8
351d47d9-3d49-4757-8fdd-1af39dc01590,2d4403df-5b6d-4469-a28e-d957c03ce813,2008-01-28,24.5,27,7.78
ab21113c-60a4-46cd-be4f-00aa193deecb,2d4403df-5b6d-4469-a28e-d957c03ce813,2008-02-05,25.7,33,7.81
2e1e1d56-513a-4027-a4a4-d796c4c865dc,2d4403df-5b6d-4469-a28e-d957c03ce813,2008-02-14,24.3,30,7.87
58382b4e-27f9-4a1f-adea-abbbef129ab1,2d4403df-5b6d-4469-a28e-d957c03ce813,2008-02-21,25.6,23,7.43
bd638586-0eb4-4695-af79-e56383a12295,2d4403df-5b6d-4469-a28e-d957c03ce813,2008-02-28,24.6,33,7.26
1c1eef13-0666-422d-ab1e-93b85453e14e,2d4403df-5b6d-4469-a28e-d957c03ce813,2008-03-07,24.77,326,8.13
f775a62c-1992-470e-8a6f-183fd5bb6cdd,2d4403df-5b6d-4469-a28e-d957c03ce813,2008-03-15,23.71,30.2,7.9
a6043830-df33-4a54-acc9-1abcc053ce9a,2d4403df-5b6d-4469-a28e-d957c03ce813,2008-03-22,24.23,33.6,7.85
fbd72ce5-bace-4c26-988f-60561de3f979,2d4403df-5b6d-4469-a28e-d957c03ce813,2008-03-29,24.31,31.34,8.2
3cd9a2e7-53b9-4ed3-8ed7-423b5117ac6d,703340b0-b629-452f-8c7d-975852a56729,2008-03-29,24.44,26.7,7.25
1de57b67-db46-49a5-b95a-63f13ae4c978,703340b0-b629-452f-8c7d-975852a56729,2008-03-22,24.1,31.3,7
8274ec2e-70d5-41b2-8f3a-1e0e0a71240c,703340b0-b629-452f-8c7d-975852a56729,2008-03-15,24.14,24.61,7.56
97800508-29fe-4bf5-ab5f-39aec0f4d38d,703340b0-b629-452f-8c7d-975852a56729,2008-03-07,24.29,27.62,7.87
20aed050-815c-4a18-b2cf-6e458aacda04,703340b0-b629-452f-8c7d-975852a56729,2008-02-28,24.6,31,7.25
15e4cc19-7826-4a82-b699-708ad175b112,703340b0-b629-452f-8c7d-975852a56729,2008-02-21,25.1,23,7.7
474048c0-abd8-4a72-a51b-7688d963122d,703340b0-b629-452f-8c7d-975852a56729,2008-02-14,24.6,30,8.14
43d1d3a2-2561-455d-b399-52a2ccfcc070,703340b0-b629-452f-8c7d-975852a56729,2008-02-05,25.5,30,7.8
12d9948e-7e96-4bde-8fab-2a0fc5d55269,703340b0-b629-452f-8c7d-975852a56729,2008-01-28,23.7,27,7.8
a036e95a-528e-48d1-b25b-2f989563809d,703340b0-b629-452f-8c7d-975852a56729,2008-01-21,24.3,28,7.65
7ff91d67-f35b-4aec-8938-3e280a0c9692,703340b0-b629-452f-8c7d-975852a56729,2008-01-15,23.2,32,7.44
cc2d9d9e-95c6-4d5d-b364-2d059cb947cf,703340b0-b629-452f-8c7d-975852a56729,2008-01-08,24.27,29,8.1
6c383641-7714-4b9a-ad95-a8cc7b4f4e1a,703340b0-b629-452f-8c7d-975852a56729,2008-01-02,24.36,34,8.01
a6ea4bc9-a971-4665-b32c-ad1d9b942f26,c4ebf2bb-60ed-4672-80e7-37ad1bd916d7,2008-01-02,25.4,35,8.2
7177d178-025c-4bdd-b4c8-fcbf5a4d0bab,c4ebf2bb-60ed-4672-80e7-37ad1bd916d7,2008-01-08,25.1,30,8.12
3a527054-7bd0-4440-a76c-4f3e317f7e86,c4ebf2bb-60ed-4672-80e7-37ad1bd916d7,2008-01-15,25.1,33,7.74
46e31f65-8948-4442-8766-f2fcb6a7333d,c4ebf2bb-60ed-4672-80e7-37ad1bd916d7,2008-01-20,25.4,32,8.24
055c6b74-594b-402c-bd2f-35f9c6bed15b,c4ebf2bb-60ed-4672-80e7-37ad1bd916d7,2008-01-28,25.2,32,8.34
c7fde6d3-46cc-4d27-a5f0-1ed0d798e901,c4ebf2bb-60ed-4672-80e7-37ad1bd916d7,2008-02-05,26.5,31,8.25
20ba55a8-84c8-46c5-867f-ece655d67cfd,c4ebf2bb-60ed-4672-80e7-37ad1bd916d7,2008-02-14,255,30,812
7fec58d3-3f88-4a4d-a51b-6fe002d3e28c,c4ebf2bb-60ed-4672-80e7-37ad1bd916d7,2008-02-21,25.8,31,8.02
67387644-1636-4fcc-afe3-f260b464547a,c4ebf2bb-60ed-4672-80e7-37ad1bd916d7,2008-02-28,25.3,34,7.89
712cf0c4-c6d8-43db-a4d3-05cc210edb1c,c4ebf2bb-60ed-4672-80e7-37ad1bd916d7,2008-03-07,25.13,33.4,84.5
03e0fd91-ee20-41e3-87c1-90dc175bca8a,c4ebf2bb-60ed-4672-80e7-37ad1bd916d7,2008-03-15,25,33.12,8.45
e91c8135-25d5-4c6b-bfcb-a418d85f0f02,c4ebf2bb-60ed-4672-80e7-37ad1bd916d7,2008-03-22,24.85,31,8.2
be68c45f-f0c9-4955-9197-626f7f914d4b,c4ebf2bb-60ed-4672-80e7-37ad1bd916d7,2008-03-29,25.1,30.8,8
b0add577-c324-4368-aa89-90d52f04c2b9,3b05bd27-a998-443c-8c78-b992af3df6b1,2008-03-29,24.7,29,7.34
8916e5ea-a521-4838-b8c2-fab32e02da7b,3b05bd27-a998-443c-8c78-b992af3df6b1,2008-03-22,24.14,28.32,7.41
00975785-1a84-46e7-a9bb-400c7e7a96c6,3b05bd27-a998-443c-8c78-b992af3df6b1,2008-03-15,24.3,29.5,7.7
d972da6a-77af-4050-bc9e-c152de29ff01,3b05bd27-a998-443c-8c78-b992af3df6b1,2008-03-07,24.39,29,7.8
23c4393a-ed19-4b55-8869-ca3c972e7f85,3b05bd27-a998-443c-8c78-b992af3df6b1,2008-02-28,24.7,32,7.1
6b275a82-f542-40ea-a443-524539ae7793,3b05bd27-a998-443c-8c78-b992af3df6b1,2008-02-21,25.16,30,7.76
a893f00d-1f3f-4c03-89ff-57b001bc07bb,3b05bd27-a998-443c-8c78-b992af3df6b1,2008-02-14,24.7,32,7.54
266db27c-dc1e-41fd-9360-b5c5ebe22329,3b05bd27-a998-443c-8c78-b992af3df6b1,2008-02-05,25.9,30,7.58
5383beaf-bb66-4aee-92aa-16a983cbc3d9,3b05bd27-a998-443c-8c78-b992af3df6b1,2008-01-28,24.4,31,8.03
9fc1a3b5-a097-4337-977a-740695180b49,3b05bd27-a998-443c-8c78-b992af3df6b1,2008-01-20,25,29,7.6
b60fd01e-6ae2-42c7-8b80-c8b8ca287ca7,3b05bd27-a998-443c-8c78-b992af3df6b1,2008-01-15,22.7,30,7.23
0bebdcf7-7ecf-4565-96f6-5c36c62710bb,3b05bd27-a998-443c-8c78-b992af3df6b1,2008-01-08,24.16,30,7.76
ba0c5c80-f59e-4ca2-b5c4-47140b84c3d7,3b05bd27-a998-443c-8c78-b992af3df6b1,2008-01-02,24.13,30,8.1
8e64f03b-d7c3-4eeb-9797-0feba6b1b1bc,2d4403df-5b6d-4469-a28e-d957c03ce813,2008-04-01,25.2,32.3,8.22
72382e1e-610b-453b-98a4-b66bf31bfb55,2d4403df-5b6d-4469-a28e-d957c03ce813,2008-04-07,25.3,32.33,8
caa1a5c4-06df-4f4f-84e3-869c932f8f7b,2d4403df-5b6d-4469-a28e-d957c03ce813,2008-04-14,24.2,30.7,7.8
15e9beb1-c594-4cf7-b732-741042b5c2d0,2d4403df-5b6d-4469-a28e-d957c03ce813,2008-04-20,25,28.7,7.8
0e983641-7a8c-4fe4-93f9-274266186137,2d4403df-5b6d-4469-a28e-d957c03ce813,2008-04-27,24.4,29.3,7.3
ea4e71f2-7a97-45da-98ca-cd2711e0693d,2d4403df-5b6d-4469-a28e-d957c03ce813,2008-05-01,24.3,31.3,8.1
c95b0c42-9d13-4982-8da4-9d76c4e31af3,2d4403df-5b6d-4469-a28e-d957c03ce813,2008-05-07,26.7,31.6,7.9
c3970ff9-dec2-458c-bb02-d3d9c8eb22b6,2d4403df-5b6d-4469-a28e-d957c03ce813,2008-05-14,25,33,7.9
1351abf7-1f7e-4e6b-b482-b8e6fef5c4fa,2d4403df-5b6d-4469-a28e-d957c03ce813,2008-05-21,26.2,32.5,7.8
af08fc0f-312b-457a-86f2-b2fa90a6854c,2d4403df-5b6d-4469-a28e-d957c03ce813,2008-05-26,24.9,30.1,7.8
17658e43-2538-4a1d-9a14-e0a6f05a59a3,2d4403df-5b6d-4469-a28e-d957c03ce813,2008-06-01,26,31.1,7.75
695195d1-34fa-4567-90fa-5d556d8a4f78,2d4403df-5b6d-4469-a28e-d957c03ce813,2008-06-07,25.9,32.6,7.8
0f964722-7355-4e6b-961f-49cd1f57cb3b,703340b0-b629-452f-8c7d-975852a56729,2008-04-01,25.76,33.4,7.3
f406fdb6-bcfa-4429-878e-ec6236eadfb6,703340b0-b629-452f-8c7d-975852a56729,2008-04-07,25.7,31.6,7.65
6d7e0f8d-20a7-4e05-b570-c15fd790cf60,703340b0-b629-452f-8c7d-975852a56729,2008-04-14,23.8,28,7.8
01c248de-fd99-470b-835e-dd7cd2ecb1d5,703340b0-b629-452f-8c7d-975852a56729,2008-04-20,24.9,33.4,7.5
37243516-67b6-42d4-9573-8d6062846423,703340b0-b629-452f-8c7d-975852a56729,2008-04-27,24.7,33.5,7.1
f3461e3a-1b8a-4980-944d-939c802ba8dd,703340b0-b629-452f-8c7d-975852a56729,2008-05-01,24.4,34.3,8
1a26bded-f150-460f-9011-31bfeb36a56e,703340b0-b629-452f-8c7d-975852a56729,2008-05-07,26.9,29.5,8.1
fc382f17-44fc-479d-885d-344cdbd6e8f5,703340b0-b629-452f-8c7d-975852a56729,2008-05-14,24.9,32.3,8
5a30f1d2-c4b2-40c5-a128-62dcc8ce61da,703340b0-b629-452f-8c7d-975852a56729,2008-05-21,26.9,30,7.76
40588f32-8203-4146-abf0-3f80ba8a8113,703340b0-b629-452f-8c7d-975852a56729,2008-05-26,26.98,31.24,7.56
564f30a6-91d2-40e3-b432-d95fc3a352e9,703340b0-b629-452f-8c7d-975852a56729,2008-06-01,27.25,28.06,7.36
5f59361b-6c29-4089-8c86-b08673f6e8e2,703340b0-b629-452f-8c7d-975852a56729,2008-06-07,26,29.4,7.5
0a5be4b3-58fb-44ab-aaf6-047daa1fc671,c4ebf2bb-60ed-4672-80e7-37ad1bd916d7,2008-04-01,26.1,31.1,8.12
44707995-c6ef-44e1-b224-7aad8707b786,c4ebf2bb-60ed-4672-80e7-37ad1bd916d7,2008-04-07,25.75,31.93,8.02
0320164c-5c24-402d-a8f1-4c267f131eac,c4ebf2bb-60ed-4672-80e7-37ad1bd916d7,2008-04-14,24.9,30.3,7.8
ec36e438-cefe-4122-8974-d32ebe3ac49c,c4ebf2bb-60ed-4672-80e7-37ad1bd916d7,2008-04-20,25.7,28.4,7.8
5bcd2418-edab-4325-b10b-dae826ca38e6,c4ebf2bb-60ed-4672-80e7-37ad1bd916d7,2008-04-27,24.9,28.2,7.7
7ab3bcf7-f11c-46ba-8450-5ce4f8f85798,c4ebf2bb-60ed-4672-80e7-37ad1bd916d7,2008-05-01,25.6,24.4,8.12
b534858c-9dc4-4877-aa2e-c34a93746df5,c4ebf2bb-60ed-4672-80e7-37ad1bd916d7,2008-05-07,26.13,30.9,8.18
e2ef66d1-3c4e-4ccd-8ddf-1e42b5bc7573,c4ebf2bb-60ed-4672-80e7-37ad1bd916d7,2008-05-14,25,31.6,8.1
9e82902f-50d1-4403-964b-78c3d4c15577,c4ebf2bb-60ed-4672-80e7-37ad1bd916d7,2008-05-21,25.4,31.4,8
06f451ef-6f7b-4b88-8daa-7db216ca616c,c4ebf2bb-60ed-4672-80e7-37ad1bd916d7,2008-05-26,25.7,29.5,8
744253dd-fc48-451e-af87-ca8664929a25,c4ebf2bb-60ed-4672-80e7-37ad1bd916d7,2008-06-01,26.04,31.1,7.7
32b41d94-9596-4490-b397-8daa907949fb,c4ebf2bb-60ed-4672-80e7-37ad1bd916d7,2008-06-07,25.8,32.4,8
31de976c-613d-4db6-b26e-87d9cdf0a09b,3b05bd27-a998-443c-8c78-b992af3df6b1,2008-04-01,25.7,29.2,7.4
41c280bd-5355-4dc9-8431-95ea19fafa53,3b05bd27-a998-443c-8c78-b992af3df6b1,2008-04-07,25.74,29,7.3
59bbb122-ee07-46b6-945b-5fe0e4fdd364,3b05bd27-a998-443c-8c78-b992af3df6b1,2008-04-14,23.9,31,7.5
d84edf94-9a6a-412f-bcbb-f4db186a690c,3b05bd27-a998-443c-8c78-b992af3df6b1,2008-04-20,25.3,29.2,7.6
e72d4a6b-dd58-4174-81eb-f7c4fe57c568,3b05bd27-a998-443c-8c78-b992af3df6b1,2008-04-27,25.9,30.2,7.2
ef75d945-ff4d-4dc1-b158-66f88afe3cb2,3b05bd27-a998-443c-8c78-b992af3df6b1,2008-05-01,24.7,26.3,7.6
e036075a-70a9-4cca-851b-c1519582e18f,3b05bd27-a998-443c-8c78-b992af3df6b1,2008-05-07,27.8,29.5,7.7
7f75513d-1ad5-4522-9264-882151914a64,3b05bd27-a998-443c-8c78-b992af3df6b1,2008-05-14,27.1,31.4,7.8
24c46240-b2a8-4274-a3e4-aae1687baf7e,3b05bd27-a998-443c-8c78-b992af3df6b1,2008-05-21,28.7,31.9,7.9
cc1f241c-0936-468d-8993-bb3de20d8ac3,3b05bd27-a998-443c-8c78-b992af3df6b1,2008-05-26,27.9,30.8,7.9
33ab024d-111e-4d62-baf9-517bf04fd57e,3b05bd27-a998-443c-8c78-b992af3df6b1,2008-06-01,28.6,31.8,7.9
2ee8bda8-ed7e-445a-a476-c6af8242a3b9,3b05bd27-a998-443c-8c78-b992af3df6b1,2008-06-07,28.5,29.4,7.9
705a849b-adaf-4d19-b58e-9084617045da,2d4403df-5b6d-4469-a28e-d957c03ce813,2008-06-14,26.13,30.6,7.95
5e2d3329-416f-4ca9-9f8a-66da8d20f701,2d4403df-5b6d-4469-a28e-d957c03ce813,2008-06-20,26.4,34.4,7.9
d3c171ce-83f0-499f-bf01-f9d2b1fe075d,2d4403df-5b6d-4469-a28e-d957c03ce813,2008-06-27,26.5,28.4,8.04
aad881f2-a783-4877-8536-f2e95a1bfb02,703340b0-b629-452f-8c7d-975852a56729,2008-06-27,27.5,27.42,7.9
a3d1fd0c-5745-4884-9106-126f057944c5,703340b0-b629-452f-8c7d-975852a56729,2008-06-20,26.9,34.4,7.9
2638ab83-690b-4a6e-8cf0-90cf54455b06,703340b0-b629-452f-8c7d-975852a56729,2008-06-14,26.5,29.6,7.8
98883aef-6f5a-4cdc-9d6d-bfe5efe4bee3,c4ebf2bb-60ed-4672-80e7-37ad1bd916d7,2008-06-14,25.6,28.1,8.1
b3b04e82-85fc-4dea-93a1-8c21c6ab6b42,c4ebf2bb-60ed-4672-80e7-37ad1bd916d7,2008-06-20,26.35,31.75,8.2
b3cfbdcd-111e-46eb-aae2-e2dc1239bd46,c4ebf2bb-60ed-4672-80e7-37ad1bd916d7,2008-06-27,25.86,32,8.36
49a95f6e-9f9f-412d-a081-6d736566304a,3b05bd27-a998-443c-8c78-b992af3df6b1,2008-06-27,27.25,28.56,8.27
3f631925-d175-47da-848f-0b2941bfb0df,3b05bd27-a998-443c-8c78-b992af3df6b1,2008-06-20,27.4,29.3,8.2
2f5c9c5f-b33d-4ded-b8e2-1e7590eb01f0,3b05bd27-a998-443c-8c78-b992af3df6b1,2008-07-14,27.97,30.2,7.9
b458b775-0882-4a80-bd22-10eb3ef322d3,2d4403df-5b6d-4469-a28e-d957c03ce813,2008-07-01,26,30,7.7
3bb30395-4e34-4528-8ec2-28a33ae94bc3,2d4403df-5b6d-4469-a28e-d957c03ce813,2008-07-07,27,32,7.8
c688f894-8500-414b-a174-adae1750a7a3,2d4403df-5b6d-4469-a28e-d957c03ce813,2008-07-14,26,36,7.9
593d3865-5702-4d92-9759-bb79d6947c57,2d4403df-5b6d-4469-a28e-d957c03ce813,2008-07-21,26,34,7.8
b27c3c5d-db2f-4d4b-8193-1d6369fe87b3,2d4403df-5b6d-4469-a28e-d957c03ce813,2008-07-28,26,36,7.3
0048ce3b-35ea-449e-9164-f99c0f3aabe4,2d4403df-5b6d-4469-a28e-d957c03ce813,2008-08-04,26.5,31,7.8
e97d867e-f46f-433d-b8de-5ae09793d897,2d4403df-5b6d-4469-a28e-d957c03ce813,2008-08-11,26,30,7.3
3fd8c688-a604-44ba-8906-f96a95e6c540,2d4403df-5b6d-4469-a28e-d957c03ce813,2008-08-18,26.3,29,8.3
c05fc8c0-d151-44a6-a5c2-a1bb11bcf1a7,2d4403df-5b6d-4469-a28e-d957c03ce813,2008-08-25,27,27,8.2
e63b15a6-271b-4522-9f44-0af18e1b7984,2d4403df-5b6d-4469-a28e-d957c03ce813,2008-09-01,27,28,8.1
f1774217-f002-40bb-b5f2-b2feb9bafabf,2d4403df-5b6d-4469-a28e-d957c03ce813,2008-09-08,26,29,8.3
008a0bae-da7c-443a-b8c0-65faa999401d,2d4403df-5b6d-4469-a28e-d957c03ce813,2008-09-14,26,33,7.9
c42296ac-87fc-4adb-b1af-0fcfcb04f283,2d4403df-5b6d-4469-a28e-d957c03ce813,2008-09-21,26,32,7.9
e124cf0a-47b1-4d76-8a76-79c41e71d2c6,2d4403df-5b6d-4469-a28e-d957c03ce813,2008-09-28,26,31,8
4c849adc-467d-49fa-84e1-945018c056e7,2d4403df-5b6d-4469-a28e-d957c03ce813,2008-10-06,26,32,8
1e1a7966-c05f-4369-9821-2d95cf6fe755,703340b0-b629-452f-8c7d-975852a56729,2008-10-06,25,32,8
ea58ea28-5a79-4579-9cff-d5a71a791787,703340b0-b629-452f-8c7d-975852a56729,2008-09-28,26,25,7.9
7ef16358-49b3-430a-b8e6-c00969744125,703340b0-b629-452f-8c7d-975852a56729,2008-09-21,26,21,7.7
bb893e77-53bd-4c89-b337-5ffeedda7941,703340b0-b629-452f-8c7d-975852a56729,2008-09-12,26,19,7.8
8c468079-9698-446e-8688-9424082a7abc,703340b0-b629-452f-8c7d-975852a56729,2008-09-08,27.4,29,8.2
d650dcbb-7cde-44d1-85ec-a20171c1ced0,703340b0-b629-452f-8c7d-975852a56729,2008-09-01,30,20,8.2
1e1c7a94-15fe-48cc-b10c-529e947f2ade,703340b0-b629-452f-8c7d-975852a56729,2008-08-25,27,25,8.2
ea825269-94eb-40fd-a155-18a0adea5517,703340b0-b629-452f-8c7d-975852a56729,2008-08-18,27,26,8.4
8453b9c0-097d-41f7-ac01-df62319cb6ff,703340b0-b629-452f-8c7d-975852a56729,2008-08-11,27,23,7.8
8334a5b4-3498-45f7-a635-189c1fea71bd,703340b0-b629-452f-8c7d-975852a56729,2008-08-04,27,26,8
050c9f55-6f30-4464-8b08-92adbc7fc73d,703340b0-b629-452f-8c7d-975852a56729,2008-07-28,26.4,18,8
330f7b57-005f-4e84-b6a4-1e396c594912,703340b0-b629-452f-8c7d-975852a56729,2008-07-21,26,32,7.8
c20d31c5-8eb9-4faa-a4ef-51462ff01b82,703340b0-b629-452f-8c7d-975852a56729,2008-07-14,26.8,32.8,7.6
3f23e411-f85f-48cc-8250-dbc619a98b4b,703340b0-b629-452f-8c7d-975852a56729,2008-07-07,27,30,7.2
db3e820a-0b23-4629-b198-8ffd799e0d53,703340b0-b629-452f-8c7d-975852a56729,2008-07-01,26.8,32,7.5
f98dab99-2f50-4f72-aef9-7b27e1c69b63,c4ebf2bb-60ed-4672-80e7-37ad1bd916d7,2008-07-01,26,32.5,8.2
2acb3b3f-31f1-459e-b7b1-1869c77bcf3f,c4ebf2bb-60ed-4672-80e7-37ad1bd916d7,2008-07-07,26,28,8.2
26579731-3bac-4086-9f7f-163fcd6e2755,c4ebf2bb-60ed-4672-80e7-37ad1bd916d7,2008-07-14,26,31,8
2fcd93d0-5c67-4f8d-84db-caf2f132f16a,c4ebf2bb-60ed-4672-80e7-37ad1bd916d7,2008-07-21,26,30,8
35ec8b56-5fcf-4547-bb60-f26c611d51f3,c4ebf2bb-60ed-4672-80e7-37ad1bd916d7,2008-07-28,25,31,7.8
9e2475d2-0ab1-4a10-bd21-f9d72af83473,c4ebf2bb-60ed-4672-80e7-37ad1bd916d7,2008-08-04,25,29,7.9
f9e0310d-2675-49e9-b249-85cf9c13c66d,c4ebf2bb-60ed-4672-80e7-37ad1bd916d7,2008-08-11,26,34,7.8
5f180a68-1529-41ac-be37-a807843a17e0,c4ebf2bb-60ed-4672-80e7-37ad1bd916d7,2008-08-18,25,33,8.1
fb298f68-1913-4699-8f2e-947f2e8df769,c4ebf2bb-60ed-4672-80e7-37ad1bd916d7,2008-08-25,26,29,8.1
49b55f84-ca0e-4e4e-acdb-4097a566eac7,c4ebf2bb-60ed-4672-80e7-37ad1bd916d7,2008-09-01,26,28,8.2
1752a01e-ae5c-4261-af2d-da0286075c8e,c4ebf2bb-60ed-4672-80e7-37ad1bd916d7,2008-09-08,26,28,8
cd4c76d6-3c0f-4535-b29c-641d5036738a,c4ebf2bb-60ed-4672-80e7-37ad1bd916d7,2008-09-14,25,31,7.9
59bc6592-80d9-4be0-8812-e7ecaa030602,c4ebf2bb-60ed-4672-80e7-37ad1bd916d7,2008-09-21,26,29,7.8
ea4303de-13a4-40fd-a169-270b17f67ac5,c4ebf2bb-60ed-4672-80e7-37ad1bd916d7,2008-09-28,25.6,26,8
e3a36725-7ba7-4b4d-9c2d-cd79232cc2d9,c4ebf2bb-60ed-4672-80e7-37ad1bd916d7,2008-10-06,25.5,31,8
06d2465c-67dd-47fc-9315-32a7bb78a1d7,3b05bd27-a998-443c-8c78-b992af3df6b1,2008-10-06,27,26,7.7
2bc535ba-d6d5-477b-a886-e90aa180bc04,3b05bd27-a998-443c-8c78-b992af3df6b1,2008-09-28,26,24,7.6
c2010167-c63f-47f7-a324-464ae22bed3f,3b05bd27-a998-443c-8c78-b992af3df6b1,2008-09-21,26,26,7.5
b37019a8-ea9c-4008-bed8-3f03361a0fd1,3b05bd27-a998-443c-8c78-b992af3df6b1,2008-09-14,28,27,7.5
7dfcfd73-d861-4d2c-9d05-c8fed3f32cac,3b05bd27-a998-443c-8c78-b992af3df6b1,2008-09-08,27,25,8
399ec91b-0b46-435a-a603-5868b882d46b,3b05bd27-a998-443c-8c78-b992af3df6b1,2008-09-01,29,26,8
9ba27de4-0bcf-4843-8bff-492c524af321,3b05bd27-a998-443c-8c78-b992af3df6b1,2008-08-25,27,28,8
db03617e-1f22-43aa-82c1-9b761faa85c4,3b05bd27-a998-443c-8c78-b992af3df6b1,2008-08-18,27,27,8
926027ca-1496-401f-a571-8560e938b0a7,3b05bd27-a998-443c-8c78-b992af3df6b1,2008-08-11,27,29,7.8
5ce0e994-b365-4caf-b2c7-878d3fe7e441,3b05bd27-a998-443c-8c78-b992af3df6b1,2008-08-04,27.4,30,7.9
45f234f5-e568-4465-9022-1b0c48025b26,3b05bd27-a998-443c-8c78-b992af3df6b1,2008-07-28,27.6,30,7.9
070f3101-4bcf-4b22-93e2-7083d49004d1,3b05bd27-a998-443c-8c78-b992af3df6b1,2008-07-21,28,29,8
85b9b555-2964-468c-b392-d62dcd03bfe4,3b05bd27-a998-443c-8c78-b992af3df6b1,2008-07-14,27,29,8
a1f4e8a1-703f-475f-9836-624c52afce6e,3b05bd27-a998-443c-8c78-b992af3df6b1,2008-07-07,27,31,8.25
f4f241e2-24ad-4b61-b706-f1533551bc1a,3b05bd27-a998-443c-8c78-b992af3df6b1,2008-07-01,27,30,8.2
